{
  "project_info": {
    "project_number": "1089854627684",
    "firebase_url": "https://lettucecook-f8935.firebaseio.com",
    "project_id": "lettucecook-f8935",
    "storage_bucket": "lettucecook-f8935.appspot.com"
  },
  "client": [
    {
      "client_info": {
        "mobilesdk_app_id": "1:1089854627684:android:8bf66f14d3ccc1fd",
        "android_client_info": {
          "package_name": "com.example.adityakotalwar.lettuce_cook"
        }
      },
      "oauth_client": [
        {
          "client_id": "1089854627684-4llf64kgtnj78id2v8bj0t3ln4n7dvsk.apps.googleusercontent.com",
          "client_type": 3
        }
      ],
      "api_key": [
        {
          "current_key": "AIzaSyAXw9Tyff92jaldXx_y1Ug6DxhY2ufRU5Y"
        }
      ],
      "services": {
        "analytics_service": {
          "status": 1
        },
        "appinvite_service": {
          "status": 1,
          "other_platform_oauth_client": []
        },
        "ads_service": {
          "status": 2
        }
      }
    }
  ],
  "configuration_version": "1"
}